molecule_name,pIC50
CHEMBL133897,5.567786811942138
CHEMBL336398,5.35353602596204
CHEMBL131588,5.8932330101095625
CHEMBL130628,6.405397960877417
CHEMBL130478,6.480418048133244
